campaign_id,campaign_name,channel,target_segment,start_date,end_date,budget
1,2024 Q3 - Webinar (All Segments),Webinar,All Segments,2024-09-18,2024-10-23,32000.0
2,2025 Q2 - Paid Social (Enterprise),Paid Social,Enterprise,2025-05-19,2025-07-24,245000.0
3,2026 Q3 - Paid Social (SMB),Paid Social,SMB,2026-07-28,2026-07-29,70000.0
4,2023 Q1 - Trade Show (All Segments),Trade Show,All Segments,2023-02-01,2023-05-01,121000.0
5,2025 Q2 - Paid Social (Mid-Market),Paid Social,Mid-Market,2025-05-19,2025-07-18,171000.0
6,2023 Q2 - Email Nurture (Enterprise),Email Nurture,Enterprise,2023-06-28,2023-10-17,109000.0
7,2025 Q2 - Webinar (All Segments),Webinar,All Segments,2025-04-29,2025-07-05,10500.0
8,2025 Q1 - Paid Search (Enterprise),Paid Search,Enterprise,2025-03-25,2025-04-27,45000.0
9,2023 Q2 - Email Nurture (Enterprise),Email Nurture,Enterprise,2023-04-29,2023-05-31,7500.0
10,2025 Q2 - Email Nurture (Mid-Market),Email Nurture,Mid-Market,2025-06-08,2025-10-03,64500.0
11,2026 Q1 - Content Syndication (SMB),Content Syndication,SMB,2026-03-17,2026-04-20,210000.0
12,2026 Q1 - Partner Co-Marketing (Mid-Market),Partner Co-Marketing,Mid-Market,2026-02-01,2026-05-26,37000.0
13,2023 Q1 - Paid Search (All Segments),Paid Search,All Segments,2023-02-07,2023-03-27,27000.0
14,2023 Q4 - Content Syndication (Enterprise),Content Syndication,Enterprise,2023-11-18,2023-12-18,6000.0
15,2023 Q4 - Partner Co-Marketing (Mid-Market),Partner Co-Marketing,Mid-Market,2023-11-11,2024-01-01,213500.0
16,2024 Q3 - Email Nurture (All Segments),Email Nurture,All Segments,2024-08-14,2024-11-03,7500.0
17,2023 Q3 - Paid Search (All Segments),Paid Search,All Segments,2023-07-06,2023-09-07,6000.0
18,2026 Q1 - Trade Show (All Segments),Trade Show,All Segments,2026-01-20,2026-04-28,13000.0
19,2025 Q4 - Email Nurture (Mid-Market),Email Nurture,Mid-Market,2025-10-11,2025-12-31,6500.0
20,2025 Q4 - Content Syndication (Enterprise),Content Syndication,Enterprise,2025-11-21,2026-01-20,29500.0
21,2023 Q3 - Trade Show (Enterprise),Trade Show,Enterprise,2023-09-16,2023-12-08,37500.0
22,2023 Q1 - Paid Search (Mid-Market),Paid Search,Mid-Market,2023-01-20,2023-05-17,17000.0
23,2026 Q2 - Email Nurture (Mid-Market),Email Nurture,Mid-Market,2026-04-04,2026-06-04,6000.0
24,2024 Q1 - Email Nurture (SMB),Email Nurture,SMB,2024-01-13,2024-02-18,7500.0
25,2025 Q2 - Field Event (Mid-Market),Field Event,Mid-Market,2025-05-07,2025-07-07,22500.0
26,2026 Q2 - Email Nurture (Enterprise),Email Nurture,Enterprise,2026-04-02,2026-07-15,6500.0
27,2023 Q1 - Webinar (All Segments),Webinar,All Segments,2023-02-17,2023-03-31,77000.0
28,2023 Q1 - Webinar (All Segments),Webinar,All Segments,2023-01-08,2023-05-02,11000.0
29,2023 Q1 - Paid Search (SMB),Paid Search,SMB,2023-01-08,2023-03-28,16500.0
30,2023 Q3 - Paid Search (Enterprise),Paid Search,Enterprise,2023-07-24,2023-10-12,23500.0
31,2023 Q1 - Paid Search (SMB),Paid Search,SMB,2023-03-09,2023-04-30,25500.0
32,2025 Q4 - Email Nurture (Enterprise),Email Nurture,Enterprise,2025-12-06,2026-03-28,5000.0
33,2025 Q1 - Webinar (Mid-Market),Webinar,Mid-Market,2025-03-02,2025-03-26,8000.0
34,2026 Q3 - Content Syndication (Mid-Market),Content Syndication,Mid-Market,2026-07-03,2026-07-29,146000.0
35,2025 Q4 - Paid Social (Enterprise),Paid Social,Enterprise,2025-11-12,2026-01-13,5000.0
36,2026 Q2 - Paid Social (Mid-Market),Paid Social,Mid-Market,2026-06-11,2026-07-29,36500.0
37,2023 Q4 - Paid Social (All Segments),Paid Social,All Segments,2023-11-08,2024-01-14,34000.0
38,2024 Q1 - Content Syndication (Enterprise),Content Syndication,Enterprise,2024-01-11,2024-02-15,18500.0
39,2026 Q1 - Email Nurture (All Segments),Email Nurture,All Segments,2026-01-14,2026-02-26,27000.0
40,2023 Q4 - Trade Show (Enterprise),Trade Show,Enterprise,2023-11-16,2023-12-16,106000.0
41,2023 Q1 - Paid Search (Mid-Market),Paid Search,Mid-Market,2023-03-16,2023-06-01,134500.0
42,2025 Q2 - Webinar (All Segments),Webinar,All Segments,2025-05-23,2025-07-17,14000.0
43,2025 Q4 - Content Syndication (Mid-Market),Content Syndication,Mid-Market,2025-11-12,2026-01-28,17500.0
44,2026 Q2 - Paid Search (Enterprise),Paid Search,Enterprise,2026-06-18,2026-07-29,13000.0
45,2026 Q2 - Content Syndication (SMB),Content Syndication,SMB,2026-04-26,2026-07-25,32500.0
46,2023 Q2 - Content Syndication (SMB),Content Syndication,SMB,2023-06-07,2023-08-21,72500.0
47,2025 Q4 - Paid Search (Enterprise),Paid Search,Enterprise,2025-10-05,2025-12-29,12000.0
48,2026 Q1 - Field Event (SMB),Field Event,SMB,2026-01-10,2026-03-30,18000.0
49,2025 Q2 - Paid Search (All Segments),Paid Search,All Segments,2025-06-30,2025-09-23,190500.0
50,2025 Q4 - Content Syndication (All Segments),Content Syndication,All Segments,2025-12-06,2026-02-26,6000.0
51,2025 Q4 - Trade Show (Enterprise),Trade Show,Enterprise,2025-12-30,2026-02-20,30500.0
52,2024 Q3 - Paid Search (Enterprise),Paid Search,Enterprise,2024-08-06,2024-09-20,81000.0
53,2023 Q1 - Paid Search (Enterprise),Paid Search,Enterprise,2023-02-22,2023-05-31,9000.0
54,2024 Q3 - Email Nurture (SMB),Email Nurture,SMB,2024-08-18,2024-10-11,6000.0
55,2023 Q3 - Trade Show (Mid-Market),Trade Show,Mid-Market,2023-09-21,2023-12-05,8500.0
56,2023 Q2 - Field Event (Mid-Market),Field Event,Mid-Market,2023-05-29,2023-07-08,182000.0
57,2023 Q2 - Paid Social (All Segments),Paid Social,All Segments,2023-06-13,2023-08-15,5000.0
58,2025 Q2 - Email Nurture (SMB),Email Nurture,SMB,2025-06-29,2025-09-10,10500.0
59,2024 Q4 - Webinar (Mid-Market),Webinar,Mid-Market,2024-10-20,2025-01-10,5500.0
60,2024 Q4 - Email Nurture (Mid-Market),Email Nurture,Mid-Market,2024-12-06,2025-02-17,7500.0
61,2025 Q3 - Email Nurture (SMB),Email Nurture,SMB,2025-08-31,2025-10-26,56500.0
62,2024 Q4 - Field Event (SMB),Field Event,SMB,2024-12-17,2025-04-12,13000.0
63,2025 Q2 - Paid Search (Mid-Market),Paid Search,Mid-Market,2025-04-02,2025-06-12,46500.0
64,2023 Q2 - Webinar (SMB),Webinar,SMB,2023-04-23,2023-08-02,50500.0
65,2026 Q1 - Paid Search (SMB),Paid Search,SMB,2026-01-16,2026-04-19,138500.0
66,2024 Q3 - Email Nurture (Mid-Market),Email Nurture,Mid-Market,2024-08-09,2024-10-24,5000.0
67,2023 Q3 - Webinar (SMB),Webinar,SMB,2023-07-22,2023-11-07,141000.0
68,2025 Q4 - Paid Social (Enterprise),Paid Social,Enterprise,2025-11-28,2025-12-31,56500.0
69,2025 Q3 - Paid Social (SMB),Paid Social,SMB,2025-08-17,2025-12-07,9500.0
70,2023 Q1 - Partner Co-Marketing (Mid-Market),Partner Co-Marketing,Mid-Market,2023-03-11,2023-06-24,103000.0
71,2023 Q3 - Paid Social (Mid-Market),Paid Social,Mid-Market,2023-09-10,2023-11-19,142000.0
72,2023 Q1 - Paid Search (All Segments),Paid Search,All Segments,2023-01-21,2023-04-24,13500.0
73,2023 Q4 - Content Syndication (Enterprise),Content Syndication,Enterprise,2023-12-20,2024-03-01,182000.0
74,2023 Q2 - Field Event (All Segments),Field Event,All Segments,2023-05-11,2023-06-27,29500.0
75,2025 Q3 - Paid Social (Mid-Market),Paid Social,Mid-Market,2025-07-16,2025-10-24,53000.0
76,2024 Q4 - Partner Co-Marketing (Mid-Market),Partner Co-Marketing,Mid-Market,2024-11-13,2024-12-28,235500.0
77,2026 Q3 - Content Syndication (Mid-Market),Content Syndication,Mid-Market,2026-07-04,2026-07-29,20500.0
78,2025 Q3 - Field Event (All Segments),Field Event,All Segments,2025-09-05,2025-11-16,120500.0
79,2025 Q1 - Email Nurture (All Segments),Email Nurture,All Segments,2025-03-09,2025-06-20,17500.0
80,2024 Q4 - Paid Social (All Segments),Paid Social,All Segments,2024-10-27,2024-12-25,114000.0
81,2023 Q1 - Paid Search (All Segments),Paid Search,All Segments,2023-03-13,2023-05-21,52500.0
82,2023 Q2 - Paid Search (Enterprise),Paid Search,Enterprise,2023-04-02,2023-04-27,11500.0
83,2025 Q1 - Paid Social (Enterprise),Paid Social,Enterprise,2025-03-15,2025-04-16,25500.0
84,2023 Q1 - Partner Co-Marketing (All Segments),Partner Co-Marketing,All Segments,2023-01-06,2023-02-01,17500.0
85,2023 Q1 - Partner Co-Marketing (Mid-Market),Partner Co-Marketing,Mid-Market,2023-02-25,2023-03-25,7000.0
86,2023 Q4 - Webinar (Mid-Market),Webinar,Mid-Market,2023-10-14,2024-01-28,5500.0
87,2026 Q1 - Paid Social (All Segments),Paid Social,All Segments,2026-02-28,2026-06-12,19500.0
88,2024 Q3 - Content Syndication (Mid-Market),Content Syndication,Mid-Market,2024-08-22,2024-12-02,5500.0
89,2025 Q3 - Trade Show (SMB),Trade Show,SMB,2025-07-15,2025-08-10,9500.0
90,2024 Q2 - Email Nurture (Enterprise),Email Nurture,Enterprise,2024-06-21,2024-07-19,85500.0
91,2023 Q3 - Email Nurture (Mid-Market),Email Nurture,Mid-Market,2023-08-15,2023-10-02,80000.0
92,2024 Q2 - Content Syndication (All Segments),Content Syndication,All Segments,2024-04-29,2024-07-14,90000.0
93,2023 Q2 - Paid Search (All Segments),Paid Search,All Segments,2023-04-30,2023-06-23,17500.0
94,2025 Q4 - Partner Co-Marketing (Mid-Market),Partner Co-Marketing,Mid-Market,2025-10-02,2025-12-10,162500.0
95,2023 Q3 - Paid Search (Enterprise),Paid Search,Enterprise,2023-08-28,2023-10-05,51000.0
96,2024 Q2 - Partner Co-Marketing (All Segments),Partner Co-Marketing,All Segments,2024-05-06,2024-08-07,8000.0
97,2026 Q3 - Trade Show (Enterprise),Trade Show,Enterprise,2026-07-03,2026-07-29,9000.0
98,2025 Q1 - Content Syndication (SMB),Content Syndication,SMB,2025-02-12,2025-03-11,75500.0
99,2024 Q3 - Email Nurture (Enterprise),Email Nurture,Enterprise,2024-08-21,2024-11-23,10000.0
100,2024 Q4 - Paid Search (Enterprise),Paid Search,Enterprise,2024-12-10,2025-03-30,36500.0
101,2025 Q4 - Content Syndication (Enterprise),Content Syndication,Enterprise,2025-10-21,2025-11-12,242000.0
102,2023 Q4 - Field Event (SMB),Field Event,SMB,2023-11-29,2024-02-01,5000.0
103,2025 Q2 - Content Syndication (Mid-Market),Content Syndication,Mid-Market,2025-04-11,2025-07-22,5500.0
104,2026 Q1 - Email Nurture (All Segments),Email Nurture,All Segments,2026-02-13,2026-05-14,243500.0
105,2025 Q1 - Trade Show (SMB),Trade Show,SMB,2025-01-17,2025-05-02,49000.0
106,2024 Q3 - Email Nurture (Mid-Market),Email Nurture,Mid-Market,2024-08-06,2024-10-07,8000.0
107,2023 Q3 - Email Nurture (Mid-Market),Email Nurture,Mid-Market,2023-07-09,2023-09-04,167500.0
108,2023 Q4 - Paid Social (SMB),Paid Social,SMB,2023-11-21,2024-02-20,156500.0
109,2026 Q2 - Paid Social (SMB),Paid Social,SMB,2026-05-20,2026-06-25,40500.0
110,2024 Q4 - Content Syndication (Mid-Market),Content Syndication,Mid-Market,2024-12-07,2025-01-20,57000.0
111,2024 Q1 - Field Event (All Segments),Field Event,All Segments,2024-01-29,2024-04-18,14500.0
112,2024 Q2 - Paid Social (SMB),Paid Social,SMB,2024-06-30,2024-09-25,6000.0
113,2025 Q1 - Content Syndication (Mid-Market),Content Syndication,Mid-Market,2025-01-24,2025-02-25,51000.0
114,2024 Q4 - Email Nurture (SMB),Email Nurture,SMB,2024-12-03,2025-02-12,16000.0
115,2025 Q3 - Webinar (Enterprise),Webinar,Enterprise,2025-07-02,2025-08-28,67000.0
116,2023 Q4 - Paid Social (Mid-Market),Paid Social,Mid-Market,2023-12-03,2024-02-11,131500.0
117,2025 Q2 - Content Syndication (All Segments),Content Syndication,All Segments,2025-04-27,2025-08-20,5500.0
118,2024 Q3 - Email Nurture (Enterprise),Email Nurture,Enterprise,2024-08-01,2024-08-29,51500.0
119,2026 Q2 - Paid Search (All Segments),Paid Search,All Segments,2026-05-13,2026-07-29,12500.0
120,2023 Q3 - Paid Social (Enterprise),Paid Social,Enterprise,2023-07-26,2023-09-29,152500.0
