rep_id,rep_name,email,team,region,title,manager_id,hire_date,quota_annual,is_active
1,Becky Vega,becky.vega@northwind-crm.example,EMEA-Alpha,EMEA,VP of Sales,,2015-11-10,5100000.0,1
2,Randall Ramsey,randall.ramsey@northwind-crm.example,NA-Charlie,NA,Sales Manager,1,2019-11-14,4725000.0,1
3,Mariah Hampton,mariah.hampton@northwind-crm.example,EMEA-Alpha,EMEA,Sales Manager,1,2022-04-03,5175000.0,1
4,Janice Wilcox,janice.wilcox@northwind-crm.example,EMEA-Charlie,EMEA,Sales Manager,1,2022-09-21,4600000.0,1
5,Jamie Hinton,jamie.hinton@northwind-crm.example,EMEA-Charlie,EMEA,Sales Manager,1,2016-10-29,5250000.0,1
6,Shelby Gibson,shelby.gibson@northwind-crm.example,EMEA-Alpha,EMEA,Sales Manager,1,2016-11-16,4925000.0,1
7,Barbara Trujillo,barbara.trujillo@northwind-crm.example,EMEA-Delta,EMEA,Sales Manager,1,2015-04-21,3950000.0,1
8,Micheal Hanna,micheal.hanna@northwind-crm.example,NA-Bravo,NA,Account Executive,2,2016-02-15,4500000.0,1
9,Christine Black,christine.black@northwind-crm.example,NA-Delta,NA,Account Executive,2,2019-05-25,4950000.0,1
10,Beth Jimenez,beth.jimenez@northwind-crm.example,NA-Alpha,NA,Account Executive,2,2019-05-02,4475000.0,1
11,Karen Rowe,karen.rowe@northwind-crm.example,NA-Alpha,NA,Account Executive,2,2017-12-09,4825000.0,1
12,Virginia Combs,virginia.combs@northwind-crm.example,NA-Bravo,NA,Account Executive,2,2017-06-16,4475000.0,1
13,Noah James,noah.james@northwind-crm.example,APAC-Alpha,APAC,Account Executive,3,2021-07-28,4375000.0,1
14,Peter Calderon,peter.calderon@northwind-crm.example,NA-Bravo,NA,Account Executive,2,2018-08-24,4700000.0,0
15,Morgan Osborn,morgan.osborn@northwind-crm.example,NA-Charlie,NA,Account Executive,2,2021-05-26,4525000.0,1
16,Regina Jones,regina.jones@northwind-crm.example,NA-Alpha,NA,Account Executive,2,2022-08-17,4525000.0,1
17,Juan Glover,juan.glover@northwind-crm.example,NA-Charlie,NA,Account Executive,2,2017-07-07,4700000.0,1
18,Briana Day,briana.day@northwind-crm.example,EMEA-Alpha,EMEA,Account Executive,6,2016-08-10,5200000.0,1
19,Scott Mathis,scott.mathis@northwind-crm.example,EMEA-Alpha,EMEA,Account Executive,1,2022-07-18,4625000.0,1
20,Jeanne Norton,jeanne.norton@northwind-crm.example,EMEA-Charlie,EMEA,Account Executive,7,2020-01-11,4550000.0,1
21,Jonathon Walter,jonathon.walter@northwind-crm.example,EMEA-Delta,EMEA,Account Executive,5,2017-04-22,4800000.0,1
22,Gail Howe,gail.howe@northwind-crm.example,NA-Alpha,NA,Account Executive,2,2019-12-05,4850000.0,1
23,Charles Chapman,charles.chapman@northwind-crm.example,APAC-Bravo,APAC,Account Executive,1,2019-01-30,4000000.0,1
24,Thomas Shea,thomas.shea@northwind-crm.example,NA-Delta,NA,Account Executive,2,2022-03-03,3925000.0,1
25,Rebecca Moore,rebecca.moore@northwind-crm.example,NA-Delta,NA,Account Executive,2,2017-01-11,4725000.0,1
26,Marc Parrish,marc.parrish@northwind-crm.example,NA-Charlie,NA,Account Executive,2,2022-11-07,5050000.0,1
27,Hannah Brandt,hannah.brandt@northwind-crm.example,EMEA-Bravo,EMEA,Account Executive,3,2022-05-31,4750000.0,1
28,Russell Gallegos,russell.gallegos@northwind-crm.example,NA-Bravo,NA,Account Executive,2,2016-06-08,5075000.0,1
29,Keith Riley,keith.riley@northwind-crm.example,NA-Charlie,NA,Account Executive,2,2016-04-22,4650000.0,1
30,Jasmine Shea,jasmine.shea@northwind-crm.example,NA-Charlie,NA,Account Executive,2,2019-03-23,5225000.0,1
31,Jeanne Howard,jeanne.howard@northwind-crm.example,NA-Bravo,NA,Account Executive,2,2015-05-12,4500000.0,1
32,Cory Ryan,cory.ryan@northwind-crm.example,EMEA-Alpha,EMEA,Account Executive,5,2017-05-15,4275000.0,1
33,Benjamin Silva,benjamin.silva@northwind-crm.example,NA-Alpha,NA,Account Executive,2,2018-06-13,4875000.0,1
34,Kendra Hawkins,kendra.hawkins@northwind-crm.example,NA-Delta,NA,Account Executive,2,2022-09-04,5225000.0,1
35,Stephen Torres,stephen.torres@northwind-crm.example,NA-Bravo,NA,Account Executive,2,2022-11-09,5250000.0,1
36,Annette Forbes,annette.forbes@northwind-crm.example,EMEA-Bravo,EMEA,Account Executive,3,2016-03-15,4050000.0,0
37,Shelby Dillon,shelby.dillon@northwind-crm.example,NA-Bravo,NA,Account Executive,2,2022-01-22,4400000.0,1
38,Sabrina Orr,sabrina.orr@northwind-crm.example,NA-Delta,NA,Account Executive,2,2015-09-22,4975000.0,1
39,Denise Morrison,denise.morrison@northwind-crm.example,NA-Alpha,NA,Account Executive,2,2020-12-05,4675000.0,1
40,Luis Carlson,luis.carlson@northwind-crm.example,LATAM-Alpha,LATAM,Account Executive,1,2021-09-11,4075000.0,1
41,Carrie Shea,carrie.shea@northwind-crm.example,APAC-Bravo,APAC,Account Executive,5,2022-01-20,4550000.0,1
42,Peggy Cordova,peggy.cordova@northwind-crm.example,EMEA-Bravo,EMEA,Account Executive,6,2016-10-09,4375000.0,1
43,Michele Ryan,michele.ryan@northwind-crm.example,NA-Charlie,NA,Account Executive,2,2022-01-28,4675000.0,1
44,Francis Aguirre,francis.aguirre@northwind-crm.example,LATAM-Bravo,LATAM,Account Executive,1,2015-12-04,4625000.0,1
45,Antonio Roy,antonio.roy@northwind-crm.example,EMEA-Bravo,EMEA,Account Executive,3,2019-02-10,4175000.0,1
46,Victoria Rojas,victoria.rojas@northwind-crm.example,EMEA-Delta,EMEA,Account Executive,3,2018-09-20,4725000.0,1
47,Javier Robles,javier.robles@northwind-crm.example,NA-Alpha,NA,Account Executive,2,2017-07-04,4675000.0,1
48,Sue Nicholson,sue.nicholson@northwind-crm.example,NA-Charlie,NA,Account Executive,2,2015-03-07,4400000.0,0
49,Maureen Johns,maureen.johns@northwind-crm.example,NA-Charlie,NA,Account Executive,2,2021-02-11,5275000.0,1
50,Raymond Payne,raymond.payne@northwind-crm.example,APAC-Bravo,APAC,Account Executive,5,2017-08-29,4250000.0,1
51,Penny Fischer,penny.fischer@northwind-crm.example,NA-Delta,NA,Account Executive,2,2020-03-29,5100000.0,1
52,Christian Robles,christian.robles@northwind-crm.example,NA-Bravo,NA,Account Executive,2,2018-04-02,4150000.0,1
53,Frederick Marsh,frederick.marsh@northwind-crm.example,NA-Delta,NA,Account Executive,2,2017-12-17,4825000.0,1
54,Jeremy Ibarra,jeremy.ibarra@northwind-crm.example,EMEA-Bravo,EMEA,Account Executive,6,2022-01-07,4050000.0,1
55,Jonathan Landry,jonathan.landry@northwind-crm.example,NA-Charlie,NA,Account Executive,2,2015-10-03,4200000.0,1
56,Ana May,ana.may@northwind-crm.example,APAC-Charlie,APAC,Account Executive,6,2020-10-31,5000000.0,1
57,Kelli Baldwin,kelli.baldwin@northwind-crm.example,EMEA-Delta,EMEA,Account Executive,7,2020-11-30,4350000.0,1
58,Candice Carlson,candice.carlson@northwind-crm.example,EMEA-Bravo,EMEA,Account Executive,6,2018-01-05,4400000.0,1
59,Paige Duke,paige.duke@northwind-crm.example,NA-Bravo,NA,Account Executive,2,2017-01-30,5125000.0,1
60,Meghan Buchanan,meghan.buchanan@northwind-crm.example,EMEA-Alpha,EMEA,Account Executive,3,2015-01-18,4825000.0,1
